"Name","Address","Telephone Number","Email"
"Critical Hit Games","7420 49th St N, Pinellas Park, FL 33781","(727) 820-1379","criticalhitgames.biz@gmail.com"
"The Potion Portal","2424 5th Ave N, St. Petersburg, FL 33713","(727) 220-3040","thepotionportal@gmail.com"
"FYI Comics","9133 4th St N, St. Petersburg, FL 33702","(727) 826-0870","info@fyicomics.com"
"The Pinball Arcade Museum","2313 Central Ave, St. Petersburg, FL 33713","(727) 235-9683","pinballarcademuseum@gmail.com"
"Right Around the Corner Arcade Brewery","2244 Central Ave, St. Petersburg, FL 33712","(727) 362-7902","info@stpetearcadebar.com"
"Model Citizen Hobbies","2755 22nd Ave N, St. Petersburg, FL 33713","(727) 321-9682","modelcitizenhobbies@gmail.com"
"Tombolo Books","2153 1st Ave S, St. Petersburg, FL 33712","(727) 755-9456","info@tombolobooks.com"
"Book + Bottle","17 6th St N, St. Petersburg, FL 33701","(727) 240-7448","info@bookandbottlestpete.com"
"Bandit Coffee Co.","2662 Central Ave, St. Petersburg, FL 33712","(727) 835-9855","info@banditcoffee.co"
"USF St. Petersburg Campus - Student Life","200 6th Ave S, St. Petersburg, FL 33701","(727) 873-4493","Not publicly listed for flyers"
"St. Petersburg College - Student Life and Leadership","6605 5th Ave N, St. Petersburg, FL 33710","(727) 341-4778","Not publicly listed for flyers"